# layer	api	file	offset	size	ret
POSIX	read	/mnt/nvme1/gdstrace-smoke/npy/a00000.npy	-1	4096	4096
POSIX	read	/mnt/nvme1/gdstrace-smoke/npy/a00001.npy	-1	4096	4096
POSIX	read	/mnt/nvme1/gdstrace-smoke/npy/a00002.npy	-1	4096	4096
POSIX	read	/mnt/nvme1/gdstrace-smoke/npy/a00003.npy	-1	4096	4096
POSIX	read	/mnt/nvme1/gdstrace-smoke/npy/a00004.npy	-1	4096	4096
POSIX	read	/mnt/nvme1/gdstrace-smoke/npy/a00005.npy	-1	4096	4096
POSIX	read	/mnt/nvme1/gdstrace-smoke/npy/a00006.npy	-1	4096	4096
POSIX	read	/mnt/nvme1/gdstrace-smoke/npy/a00007.npy	-1	4096	4096
POSIX	read	/mnt/nvme1/gdstrace-smoke/npy/a00008.npy	-1	4096	4096
POSIX	read	/mnt/nvme1/gdstrace-smoke/npy/a00009.npy	-1	4096	4096
POSIX	read	/mnt/nvme1/gdstrace-smoke/npy/a00010.npy	-1	4096	4096
POSIX	read	/mnt/nvme1/gdstrace-smoke/npy/a00011.npy	-1	4096	4096
POSIX	read	/mnt/nvme1/gdstrace-smoke/npy/a00012.npy	-1	4096	4096
POSIX	read	/mnt/nvme1/gdstrace-smoke/npy/a00013.npy	-1	4096	4096
POSIX	read	/mnt/nvme1/gdstrace-smoke/npy/a00014.npy	-1	4096	4096
POSIX	read	/mnt/nvme1/gdstrace-smoke/npy/a00015.npy	-1	4096	4096
POSIX	read	/mnt/nvme1/gdstrace-smoke/npy/a00016.npy	-1	4096	4096
POSIX	read	/mnt/nvme1/gdstrace-smoke/npy/a00017.npy	-1	4096	4096
POSIX	read	/mnt/nvme1/gdstrace-smoke/npy/a00018.npy	-1	4096	4096
POSIX	read	/mnt/nvme1/gdstrace-smoke/npy/a00019.npy	-1	4096	4096
POSIX	read	/mnt/nvme1/gdstrace-smoke/npy/a00020.npy	-1	4096	4096
POSIX	read	/mnt/nvme1/gdstrace-smoke/npy/a00021.npy	-1	4096	4096
POSIX	read	/mnt/nvme1/gdstrace-smoke/npy/a00022.npy	-1	4096	4096
POSIX	read	/mnt/nvme1/gdstrace-smoke/npy/a00023.npy	-1	4096	4096
POSIX	read	/mnt/nvme1/gdstrace-smoke/npy/a00024.npy	-1	4096	4096
POSIX	read	/mnt/nvme1/gdstrace-smoke/npy/a00025.npy	-1	4096	4096
POSIX	read	/mnt/nvme1/gdstrace-smoke/npy/a00026.npy	-1	4096	4096
POSIX	read	/mnt/nvme1/gdstrace-smoke/npy/a00027.npy	-1	4096	4096
POSIX	read	/mnt/nvme1/gdstrace-smoke/npy/a00028.npy	-1	4096	4096
POSIX	read	/mnt/nvme1/gdstrace-smoke/npy/a00029.npy	-1	4096	4096
POSIX	read	/mnt/nvme1/gdstrace-smoke/npy/a00030.npy	-1	4096	4096
POSIX	read	/mnt/nvme1/gdstrace-smoke/npy/a00031.npy	-1	4096	4096
POSIX	read	/mnt/nvme1/gdstrace-smoke/npy/a00032.npy	-1	4096	4096
POSIX	read	/mnt/nvme1/gdstrace-smoke/npy/a00033.npy	-1	4096	4096
POSIX	read	/mnt/nvme1/gdstrace-smoke/npy/a00034.npy	-1	4096	4096
POSIX	read	/mnt/nvme1/gdstrace-smoke/npy/a00035.npy	-1	4096	4096
POSIX	read	/mnt/nvme1/gdstrace-smoke/npy/a00036.npy	-1	4096	4096
POSIX	read	/mnt/nvme1/gdstrace-smoke/npy/a00037.npy	-1	4096	4096
POSIX	read	/mnt/nvme1/gdstrace-smoke/npy/a00038.npy	-1	4096	4096
POSIX	read	/mnt/nvme1/gdstrace-smoke/npy/a00039.npy	-1	4096	4096
POSIX	read	/mnt/nvme1/gdstrace-smoke/npy/a00040.npy	-1	4096	4096
POSIX	read	/mnt/nvme1/gdstrace-smoke/npy/a00041.npy	-1	4096	4096
POSIX	read	/mnt/nvme1/gdstrace-smoke/npy/a00042.npy	-1	4096	4096
POSIX	read	/mnt/nvme1/gdstrace-smoke/npy/a00043.npy	-1	4096	4096
POSIX	read	/mnt/nvme1/gdstrace-smoke/npy/a00044.npy	-1	4096	4096
POSIX	read	/mnt/nvme1/gdstrace-smoke/npy/a00045.npy	-1	4096	4096
POSIX	read	/mnt/nvme1/gdstrace-smoke/npy/a00046.npy	-1	4096	4096
POSIX	read	/mnt/nvme1/gdstrace-smoke/npy/a00047.npy	-1	4096	4096
POSIX	read	/mnt/nvme1/gdstrace-smoke/npy/a00048.npy	-1	4096	4096
POSIX	read	/mnt/nvme1/gdstrace-smoke/npy/a00049.npy	-1	4096	4096
POSIX	read	/mnt/nvme1/gdstrace-smoke/npy/a00050.npy	-1	4096	4096
POSIX	read	/mnt/nvme1/gdstrace-smoke/npy/a00051.npy	-1	4096	4096
POSIX	read	/mnt/nvme1/gdstrace-smoke/npy/a00052.npy	-1	4096	4096
POSIX	read	/mnt/nvme1/gdstrace-smoke/npy/a00053.npy	-1	4096	4096
POSIX	read	/mnt/nvme1/gdstrace-smoke/npy/a00054.npy	-1	4096	4096
POSIX	read	/mnt/nvme1/gdstrace-smoke/npy/a00055.npy	-1	4096	4096
POSIX	read	/mnt/nvme1/gdstrace-smoke/npy/a00056.npy	-1	4096	4096
POSIX	read	/mnt/nvme1/gdstrace-smoke/npy/a00057.npy	-1	4096	4096
POSIX	read	/mnt/nvme1/gdstrace-smoke/npy/a00058.npy	-1	4096	4096
POSIX	read	/mnt/nvme1/gdstrace-smoke/npy/a00059.npy	-1	4096	4096
POSIX	read	/mnt/nvme1/gdstrace-smoke/npy/a00060.npy	-1	4096	4096
POSIX	read	/mnt/nvme1/gdstrace-smoke/npy/a00061.npy	-1	4096	4096
POSIX	read	/mnt/nvme1/gdstrace-smoke/npy/a00062.npy	-1	4096	4096
POSIX	read	/mnt/nvme1/gdstrace-smoke/npy/a00063.npy	-1	4096	4096
POSIX	read	/mnt/nvme1/gdstrace-smoke/npy/a00064.npy	-1	4096	4096
POSIX	read	/mnt/nvme1/gdstrace-smoke/npy/a00065.npy	-1	4096	4096
POSIX	read	/mnt/nvme1/gdstrace-smoke/npy/a00066.npy	-1	4096	4096
POSIX	read	/mnt/nvme1/gdstrace-smoke/npy/a00067.npy	-1	4096	4096
POSIX	read	/mnt/nvme1/gdstrace-smoke/npy/a00068.npy	-1	4096	4096
POSIX	read	/mnt/nvme1/gdstrace-smoke/npy/a00069.npy	-1	4096	4096
POSIX	read	/mnt/nvme1/gdstrace-smoke/npy/a00070.npy	-1	4096	4096
POSIX	read	/mnt/nvme1/gdstrace-smoke/npy/a00071.npy	-1	4096	4096
POSIX	read	/mnt/nvme1/gdstrace-smoke/npy/a00072.npy	-1	4096	4096
POSIX	read	/mnt/nvme1/gdstrace-smoke/npy/a00073.npy	-1	4096	4096
POSIX	read	/mnt/nvme1/gdstrace-smoke/npy/a00074.npy	-1	4096	4096
POSIX	read	/mnt/nvme1/gdstrace-smoke/npy/a00075.npy	-1	4096	4096
POSIX	read	/mnt/nvme1/gdstrace-smoke/npy/a00076.npy	-1	4096	4096
POSIX	read	/mnt/nvme1/gdstrace-smoke/npy/a00077.npy	-1	4096	4096
POSIX	read	/mnt/nvme1/gdstrace-smoke/npy/a00078.npy	-1	4096	4096
POSIX	read	/mnt/nvme1/gdstrace-smoke/npy/a00079.npy	-1	4096	4096
POSIX	read	/mnt/nvme1/gdstrace-smoke/npy/a00080.npy	-1	4096	4096
POSIX	read	/mnt/nvme1/gdstrace-smoke/npy/a00081.npy	-1	4096	4096
POSIX	read	/mnt/nvme1/gdstrace-smoke/npy/a00082.npy	-1	4096	4096
POSIX	read	/mnt/nvme1/gdstrace-smoke/npy/a00083.npy	-1	4096	4096
POSIX	read	/mnt/nvme1/gdstrace-smoke/npy/a00084.npy	-1	4096	4096
POSIX	read	/mnt/nvme1/gdstrace-smoke/npy/a00085.npy	-1	4096	4096
POSIX	read	/mnt/nvme1/gdstrace-smoke/npy/a00086.npy	-1	4096	4096
POSIX	read	/mnt/nvme1/gdstrace-smoke/npy/a00087.npy	-1	4096	4096
POSIX	read	/mnt/nvme1/gdstrace-smoke/npy/a00088.npy	-1	4096	4096
POSIX	read	/mnt/nvme1/gdstrace-smoke/npy/a00089.npy	-1	4096	4096
POSIX	read	/mnt/nvme1/gdstrace-smoke/npy/a00090.npy	-1	4096	4096
POSIX	read	/mnt/nvme1/gdstrace-smoke/npy/a00091.npy	-1	4096	4096
POSIX	read	/mnt/nvme1/gdstrace-smoke/npy/a00092.npy	-1	4096	4096
POSIX	read	/mnt/nvme1/gdstrace-smoke/npy/a00093.npy	-1	4096	4096
POSIX	read	/mnt/nvme1/gdstrace-smoke/npy/a00094.npy	-1	4096	4096
POSIX	read	/mnt/nvme1/gdstrace-smoke/npy/a00095.npy	-1	4096	4096
POSIX	read	/mnt/nvme1/gdstrace-smoke/npy/a00096.npy	-1	4096	4096
POSIX	read	/mnt/nvme1/gdstrace-smoke/npy/a00097.npy	-1	4096	4096
POSIX	read	/mnt/nvme1/gdstrace-smoke/npy/a00098.npy	-1	4096	4096
POSIX	read	/mnt/nvme1/gdstrace-smoke/npy/a00099.npy	-1	4096	4096
POSIX	read	/mnt/nvme1/gdstrace-smoke/npy/a00100.npy	-1	4096	4096
POSIX	read	/mnt/nvme1/gdstrace-smoke/npy/a00101.npy	-1	4096	4096
POSIX	read	/mnt/nvme1/gdstrace-smoke/npy/a00102.npy	-1	4096	4096
POSIX	read	/mnt/nvme1/gdstrace-smoke/npy/a00103.npy	-1	4096	4096
POSIX	read	/mnt/nvme1/gdstrace-smoke/npy/a00104.npy	-1	4096	4096
POSIX	read	/mnt/nvme1/gdstrace-smoke/npy/a00105.npy	-1	4096	4096
POSIX	read	/mnt/nvme1/gdstrace-smoke/npy/a00106.npy	-1	4096	4096
POSIX	read	/mnt/nvme1/gdstrace-smoke/npy/a00107.npy	-1	4096	4096
POSIX	read	/mnt/nvme1/gdstrace-smoke/npy/a00108.npy	-1	4096	4096
POSIX	read	/mnt/nvme1/gdstrace-smoke/npy/a00109.npy	-1	4096	4096
POSIX	read	/mnt/nvme1/gdstrace-smoke/npy/a00110.npy	-1	4096	4096
POSIX	read	/mnt/nvme1/gdstrace-smoke/npy/a00111.npy	-1	4096	4096
POSIX	read	/mnt/nvme1/gdstrace-smoke/npy/a00112.npy	-1	4096	4096
POSIX	read	/mnt/nvme1/gdstrace-smoke/npy/a00113.npy	-1	4096	4096
POSIX	read	/mnt/nvme1/gdstrace-smoke/npy/a00114.npy	-1	4096	4096
POSIX	read	/mnt/nvme1/gdstrace-smoke/npy/a00115.npy	-1	4096	4096
POSIX	read	/mnt/nvme1/gdstrace-smoke/npy/a00116.npy	-1	4096	4096
POSIX	read	/mnt/nvme1/gdstrace-smoke/npy/a00117.npy	-1	4096	4096
POSIX	read	/mnt/nvme1/gdstrace-smoke/npy/a00118.npy	-1	4096	4096
POSIX	read	/mnt/nvme1/gdstrace-smoke/npy/a00119.npy	-1	4096	4096
POSIX	read	/mnt/nvme1/gdstrace-smoke/npy/a00120.npy	-1	4096	4096
POSIX	read	/mnt/nvme1/gdstrace-smoke/npy/a00121.npy	-1	4096	4096
POSIX	read	/mnt/nvme1/gdstrace-smoke/npy/a00122.npy	-1	4096	4096
POSIX	read	/mnt/nvme1/gdstrace-smoke/npy/a00123.npy	-1	4096	4096
POSIX	read	/mnt/nvme1/gdstrace-smoke/npy/a00124.npy	-1	4096	4096
POSIX	read	/mnt/nvme1/gdstrace-smoke/npy/a00125.npy	-1	4096	4096
POSIX	read	/mnt/nvme1/gdstrace-smoke/npy/a00126.npy	-1	4096	4096
POSIX	read	/mnt/nvme1/gdstrace-smoke/npy/a00127.npy	-1	4096	4096
POSIX	read	/mnt/nvme1/gdstrace-smoke/npy/a00128.npy	-1	4096	4096
POSIX	read	/mnt/nvme1/gdstrace-smoke/npy/a00129.npy	-1	4096	4096
POSIX	read	/mnt/nvme1/gdstrace-smoke/npy/a00130.npy	-1	4096	4096
POSIX	read	/mnt/nvme1/gdstrace-smoke/npy/a00131.npy	-1	4096	4096
POSIX	read	/mnt/nvme1/gdstrace-smoke/npy/a00132.npy	-1	4096	4096
POSIX	read	/mnt/nvme1/gdstrace-smoke/npy/a00133.npy	-1	4096	4096
POSIX	read	/mnt/nvme1/gdstrace-smoke/npy/a00134.npy	-1	4096	4096
POSIX	read	/mnt/nvme1/gdstrace-smoke/npy/a00135.npy	-1	4096	4096
POSIX	read	/mnt/nvme1/gdstrace-smoke/npy/a00136.npy	-1	4096	4096
POSIX	read	/mnt/nvme1/gdstrace-smoke/npy/a00137.npy	-1	4096	4096
POSIX	read	/mnt/nvme1/gdstrace-smoke/npy/a00138.npy	-1	4096	4096
POSIX	read	/mnt/nvme1/gdstrace-smoke/npy/a00139.npy	-1	4096	4096
POSIX	read	/mnt/nvme1/gdstrace-smoke/npy/a00140.npy	-1	4096	4096
POSIX	read	/mnt/nvme1/gdstrace-smoke/npy/a00141.npy	-1	4096	4096
POSIX	read	/mnt/nvme1/gdstrace-smoke/npy/a00142.npy	-1	4096	4096
POSIX	read	/mnt/nvme1/gdstrace-smoke/npy/a00143.npy	-1	4096	4096
POSIX	read	/mnt/nvme1/gdstrace-smoke/npy/a00144.npy	-1	4096	4096
POSIX	read	/mnt/nvme1/gdstrace-smoke/npy/a00145.npy	-1	4096	4096
POSIX	read	/mnt/nvme1/gdstrace-smoke/npy/a00146.npy	-1	4096	4096
POSIX	read	/mnt/nvme1/gdstrace-smoke/npy/a00147.npy	-1	4096	4096
POSIX	read	/mnt/nvme1/gdstrace-smoke/npy/a00148.npy	-1	4096	4096
POSIX	read	/mnt/nvme1/gdstrace-smoke/npy/a00149.npy	-1	4096	4096
POSIX	read	/mnt/nvme1/gdstrace-smoke/npy/a00150.npy	-1	4096	4096
POSIX	read	/mnt/nvme1/gdstrace-smoke/npy/a00151.npy	-1	4096	4096
POSIX	read	/mnt/nvme1/gdstrace-smoke/npy/a00152.npy	-1	4096	4096
POSIX	read	/mnt/nvme1/gdstrace-smoke/npy/a00153.npy	-1	4096	4096
POSIX	read	/mnt/nvme1/gdstrace-smoke/npy/a00154.npy	-1	4096	4096
POSIX	read	/mnt/nvme1/gdstrace-smoke/npy/a00155.npy	-1	4096	4096
POSIX	read	/mnt/nvme1/gdstrace-smoke/npy/a00156.npy	-1	4096	4096
POSIX	read	/mnt/nvme1/gdstrace-smoke/npy/a00157.npy	-1	4096	4096
POSIX	read	/mnt/nvme1/gdstrace-smoke/npy/a00158.npy	-1	4096	4096
POSIX	read	/mnt/nvme1/gdstrace-smoke/npy/a00159.npy	-1	4096	4096
POSIX	read	/mnt/nvme1/gdstrace-smoke/npy/a00160.npy	-1	4096	4096
POSIX	read	/mnt/nvme1/gdstrace-smoke/npy/a00161.npy	-1	4096	4096
POSIX	read	/mnt/nvme1/gdstrace-smoke/npy/a00162.npy	-1	4096	4096
POSIX	read	/mnt/nvme1/gdstrace-smoke/npy/a00163.npy	-1	4096	4096
POSIX	read	/mnt/nvme1/gdstrace-smoke/npy/a00164.npy	-1	4096	4096
POSIX	read	/mnt/nvme1/gdstrace-smoke/npy/a00165.npy	-1	4096	4096
POSIX	read	/mnt/nvme1/gdstrace-smoke/npy/a00166.npy	-1	4096	4096
POSIX	read	/mnt/nvme1/gdstrace-smoke/npy/a00167.npy	-1	4096	4096
POSIX	read	/mnt/nvme1/gdstrace-smoke/npy/a00168.npy	-1	4096	4096
POSIX	read	/mnt/nvme1/gdstrace-smoke/npy/a00169.npy	-1	4096	4096
POSIX	read	/mnt/nvme1/gdstrace-smoke/npy/a00170.npy	-1	4096	4096
POSIX	read	/mnt/nvme1/gdstrace-smoke/npy/a00171.npy	-1	4096	4096
POSIX	read	/mnt/nvme1/gdstrace-smoke/npy/a00172.npy	-1	4096	4096
POSIX	read	/mnt/nvme1/gdstrace-smoke/npy/a00173.npy	-1	4096	4096
POSIX	read	/mnt/nvme1/gdstrace-smoke/npy/a00174.npy	-1	4096	4096
POSIX	read	/mnt/nvme1/gdstrace-smoke/npy/a00175.npy	-1	4096	4096
POSIX	read	/mnt/nvme1/gdstrace-smoke/npy/a00176.npy	-1	4096	4096
POSIX	read	/mnt/nvme1/gdstrace-smoke/npy/a00177.npy	-1	4096	4096
POSIX	read	/mnt/nvme1/gdstrace-smoke/npy/a00178.npy	-1	4096	4096
POSIX	read	/mnt/nvme1/gdstrace-smoke/npy/a00179.npy	-1	4096	4096
POSIX	read	/mnt/nvme1/gdstrace-smoke/npy/a00180.npy	-1	4096	4096
POSIX	read	/mnt/nvme1/gdstrace-smoke/npy/a00181.npy	-1	4096	4096
POSIX	read	/mnt/nvme1/gdstrace-smoke/npy/a00182.npy	-1	4096	4096
POSIX	read	/mnt/nvme1/gdstrace-smoke/npy/a00183.npy	-1	4096	4096
POSIX	read	/mnt/nvme1/gdstrace-smoke/npy/a00184.npy	-1	4096	4096
POSIX	read	/mnt/nvme1/gdstrace-smoke/npy/a00185.npy	-1	4096	4096
POSIX	read	/mnt/nvme1/gdstrace-smoke/npy/a00186.npy	-1	4096	4096
POSIX	read	/mnt/nvme1/gdstrace-smoke/npy/a00187.npy	-1	4096	4096
POSIX	read	/mnt/nvme1/gdstrace-smoke/npy/a00188.npy	-1	4096	4096
POSIX	read	/mnt/nvme1/gdstrace-smoke/npy/a00189.npy	-1	4096	4096
POSIX	read	/mnt/nvme1/gdstrace-smoke/npy/a00190.npy	-1	4096	4096
POSIX	read	/mnt/nvme1/gdstrace-smoke/npy/a00191.npy	-1	4096	4096
POSIX	read	/mnt/nvme1/gdstrace-smoke/npy/a00192.npy	-1	4096	4096
POSIX	read	/mnt/nvme1/gdstrace-smoke/npy/a00193.npy	-1	4096	4096
POSIX	read	/mnt/nvme1/gdstrace-smoke/npy/a00194.npy	-1	4096	4096
POSIX	read	/mnt/nvme1/gdstrace-smoke/npy/a00195.npy	-1	4096	4096
POSIX	read	/mnt/nvme1/gdstrace-smoke/npy/a00196.npy	-1	4096	4096
POSIX	read	/mnt/nvme1/gdstrace-smoke/npy/a00197.npy	-1	4096	4096
POSIX	read	/mnt/nvme1/gdstrace-smoke/npy/a00198.npy	-1	4096	4096
POSIX	read	/mnt/nvme1/gdstrace-smoke/npy/a00199.npy	-1	4096	4096
POSIX	read	/mnt/nvme1/gdstrace-smoke/npy/a00200.npy	-1	4096	4096
POSIX	read	/mnt/nvme1/gdstrace-smoke/npy/a00201.npy	-1	4096	4096
POSIX	read	/mnt/nvme1/gdstrace-smoke/npy/a00202.npy	-1	4096	4096
POSIX	read	/mnt/nvme1/gdstrace-smoke/npy/a00203.npy	-1	4096	4096
POSIX	read	/mnt/nvme1/gdstrace-smoke/npy/a00204.npy	-1	4096	4096
POSIX	read	/mnt/nvme1/gdstrace-smoke/npy/a00205.npy	-1	4096	4096
POSIX	read	/mnt/nvme1/gdstrace-smoke/npy/a00206.npy	-1	4096	4096
POSIX	read	/mnt/nvme1/gdstrace-smoke/npy/a00207.npy	-1	4096	4096
POSIX	read	/mnt/nvme1/gdstrace-smoke/npy/a00208.npy	-1	4096	4096
POSIX	read	/mnt/nvme1/gdstrace-smoke/npy/a00209.npy	-1	4096	4096
POSIX	read	/mnt/nvme1/gdstrace-smoke/npy/a00210.npy	-1	4096	4096
POSIX	read	/mnt/nvme1/gdstrace-smoke/npy/a00211.npy	-1	4096	4096
POSIX	read	/mnt/nvme1/gdstrace-smoke/npy/a00212.npy	-1	4096	4096
POSIX	read	/mnt/nvme1/gdstrace-smoke/npy/a00213.npy	-1	4096	4096
POSIX	read	/mnt/nvme1/gdstrace-smoke/npy/a00214.npy	-1	4096	4096
POSIX	read	/mnt/nvme1/gdstrace-smoke/npy/a00215.npy	-1	4096	4096
POSIX	read	/mnt/nvme1/gdstrace-smoke/npy/a00216.npy	-1	4096	4096
POSIX	read	/mnt/nvme1/gdstrace-smoke/npy/a00217.npy	-1	4096	4096
POSIX	read	/mnt/nvme1/gdstrace-smoke/npy/a00218.npy	-1	4096	4096
POSIX	read	/mnt/nvme1/gdstrace-smoke/npy/a00219.npy	-1	4096	4096
POSIX	read	/mnt/nvme1/gdstrace-smoke/npy/a00220.npy	-1	4096	4096
POSIX	read	/mnt/nvme1/gdstrace-smoke/npy/a00221.npy	-1	4096	4096
POSIX	read	/mnt/nvme1/gdstrace-smoke/npy/a00222.npy	-1	4096	4096
POSIX	read	/mnt/nvme1/gdstrace-smoke/npy/a00223.npy	-1	4096	4096
POSIX	read	/mnt/nvme1/gdstrace-smoke/npy/a00224.npy	-1	4096	4096
POSIX	read	/mnt/nvme1/gdstrace-smoke/npy/a00225.npy	-1	4096	4096
POSIX	read	/mnt/nvme1/gdstrace-smoke/npy/a00226.npy	-1	4096	4096
POSIX	read	/mnt/nvme1/gdstrace-smoke/npy/a00227.npy	-1	4096	4096
POSIX	read	/mnt/nvme1/gdstrace-smoke/npy/a00228.npy	-1	4096	4096
POSIX	read	/mnt/nvme1/gdstrace-smoke/npy/a00229.npy	-1	4096	4096
POSIX	read	/mnt/nvme1/gdstrace-smoke/npy/a00230.npy	-1	4096	4096
POSIX	read	/mnt/nvme1/gdstrace-smoke/npy/a00231.npy	-1	4096	4096
POSIX	read	/mnt/nvme1/gdstrace-smoke/npy/a00232.npy	-1	4096	4096
POSIX	read	/mnt/nvme1/gdstrace-smoke/npy/a00233.npy	-1	4096	4096
POSIX	read	/mnt/nvme1/gdstrace-smoke/npy/a00234.npy	-1	4096	4096
POSIX	read	/mnt/nvme1/gdstrace-smoke/npy/a00235.npy	-1	4096	4096
POSIX	read	/mnt/nvme1/gdstrace-smoke/npy/a00236.npy	-1	4096	4096
POSIX	read	/mnt/nvme1/gdstrace-smoke/npy/a00237.npy	-1	4096	4096
POSIX	read	/mnt/nvme1/gdstrace-smoke/npy/a00238.npy	-1	4096	4096
POSIX	read	/mnt/nvme1/gdstrace-smoke/npy/a00239.npy	-1	4096	4096
POSIX	read	/mnt/nvme1/gdstrace-smoke/npy/a00240.npy	-1	4096	4096
POSIX	read	/mnt/nvme1/gdstrace-smoke/npy/a00241.npy	-1	4096	4096
POSIX	read	/mnt/nvme1/gdstrace-smoke/npy/a00242.npy	-1	4096	4096
POSIX	read	/mnt/nvme1/gdstrace-smoke/npy/a00243.npy	-1	4096	4096
POSIX	read	/mnt/nvme1/gdstrace-smoke/npy/a00244.npy	-1	4096	4096
POSIX	read	/mnt/nvme1/gdstrace-smoke/npy/a00245.npy	-1	4096	4096
POSIX	read	/mnt/nvme1/gdstrace-smoke/npy/a00246.npy	-1	4096	4096
POSIX	read	/mnt/nvme1/gdstrace-smoke/npy/a00247.npy	-1	4096	4096
POSIX	read	/mnt/nvme1/gdstrace-smoke/npy/a00248.npy	-1	4096	4096
POSIX	read	/mnt/nvme1/gdstrace-smoke/npy/a00249.npy	-1	4096	4096
POSIX	read	/mnt/nvme1/gdstrace-smoke/npy/a00250.npy	-1	4096	4096
POSIX	read	/mnt/nvme1/gdstrace-smoke/npy/a00251.npy	-1	4096	4096
POSIX	read	/mnt/nvme1/gdstrace-smoke/npy/a00252.npy	-1	4096	4096
POSIX	read	/mnt/nvme1/gdstrace-smoke/npy/a00253.npy	-1	4096	4096
POSIX	read	/mnt/nvme1/gdstrace-smoke/npy/a00254.npy	-1	4096	4096
POSIX	read	/mnt/nvme1/gdstrace-smoke/npy/a00255.npy	-1	4096	4096
POSIX	read	/mnt/nvme1/gdstrace-smoke/npy/a00256.npy	-1	4096	4096
POSIX	read	/mnt/nvme1/gdstrace-smoke/npy/a00257.npy	-1	4096	4096
POSIX	read	/mnt/nvme1/gdstrace-smoke/npy/a00258.npy	-1	4096	4096
POSIX	read	/mnt/nvme1/gdstrace-smoke/npy/a00259.npy	-1	4096	4096
POSIX	read	/mnt/nvme1/gdstrace-smoke/npy/a00260.npy	-1	4096	4096
POSIX	read	/mnt/nvme1/gdstrace-smoke/npy/a00261.npy	-1	4096	4096
POSIX	read	/mnt/nvme1/gdstrace-smoke/npy/a00262.npy	-1	4096	4096
POSIX	read	/mnt/nvme1/gdstrace-smoke/npy/a00263.npy	-1	4096	4096
POSIX	read	/mnt/nvme1/gdstrace-smoke/npy/a00264.npy	-1	4096	4096
POSIX	read	/mnt/nvme1/gdstrace-smoke/npy/a00265.npy	-1	4096	4096
POSIX	read	/mnt/nvme1/gdstrace-smoke/npy/a00266.npy	-1	4096	4096
POSIX	read	/mnt/nvme1/gdstrace-smoke/npy/a00267.npy	-1	4096	4096
POSIX	read	/mnt/nvme1/gdstrace-smoke/npy/a00268.npy	-1	4096	4096
POSIX	read	/mnt/nvme1/gdstrace-smoke/npy/a00269.npy	-1	4096	4096
POSIX	read	/mnt/nvme1/gdstrace-smoke/npy/a00270.npy	-1	4096	4096
POSIX	read	/mnt/nvme1/gdstrace-smoke/npy/a00271.npy	-1	4096	4096
POSIX	read	/mnt/nvme1/gdstrace-smoke/npy/a00272.npy	-1	4096	4096
POSIX	read	/mnt/nvme1/gdstrace-smoke/npy/a00273.npy	-1	4096	4096
POSIX	read	/mnt/nvme1/gdstrace-smoke/npy/a00274.npy	-1	4096	4096
POSIX	read	/mnt/nvme1/gdstrace-smoke/npy/a00275.npy	-1	4096	4096
POSIX	read	/mnt/nvme1/gdstrace-smoke/npy/a00276.npy	-1	4096	4096
POSIX	read	/mnt/nvme1/gdstrace-smoke/npy/a00277.npy	-1	4096	4096
POSIX	read	/mnt/nvme1/gdstrace-smoke/npy/a00278.npy	-1	4096	4096
POSIX	read	/mnt/nvme1/gdstrace-smoke/npy/a00279.npy	-1	4096	4096
POSIX	read	/mnt/nvme1/gdstrace-smoke/npy/a00280.npy	-1	4096	4096
POSIX	read	/mnt/nvme1/gdstrace-smoke/npy/a00281.npy	-1	4096	4096
POSIX	read	/mnt/nvme1/gdstrace-smoke/npy/a00282.npy	-1	4096	4096
POSIX	read	/mnt/nvme1/gdstrace-smoke/npy/a00283.npy	-1	4096	4096
POSIX	read	/mnt/nvme1/gdstrace-smoke/npy/a00284.npy	-1	4096	4096
POSIX	read	/mnt/nvme1/gdstrace-smoke/npy/a00285.npy	-1	4096	4096
POSIX	read	/mnt/nvme1/gdstrace-smoke/npy/a00286.npy	-1	4096	4096
POSIX	read	/mnt/nvme1/gdstrace-smoke/npy/a00287.npy	-1	4096	4096
POSIX	read	/mnt/nvme1/gdstrace-smoke/npy/a00288.npy	-1	4096	4096
POSIX	read	/mnt/nvme1/gdstrace-smoke/npy/a00289.npy	-1	4096	4096
POSIX	read	/mnt/nvme1/gdstrace-smoke/npy/a00290.npy	-1	4096	4096
POSIX	read	/mnt/nvme1/gdstrace-smoke/npy/a00291.npy	-1	4096	4096
POSIX	read	/mnt/nvme1/gdstrace-smoke/npy/a00292.npy	-1	4096	4096
POSIX	read	/mnt/nvme1/gdstrace-smoke/npy/a00293.npy	-1	4096	4096
POSIX	read	/mnt/nvme1/gdstrace-smoke/npy/a00294.npy	-1	4096	4096
POSIX	read	/mnt/nvme1/gdstrace-smoke/npy/a00295.npy	-1	4096	4096
POSIX	read	/mnt/nvme1/gdstrace-smoke/npy/a00296.npy	-1	4096	4096
POSIX	read	/mnt/nvme1/gdstrace-smoke/npy/a00297.npy	-1	4096	4096
POSIX	read	/mnt/nvme1/gdstrace-smoke/npy/a00298.npy	-1	4096	4096
POSIX	read	/mnt/nvme1/gdstrace-smoke/npy/a00299.npy	-1	4096	4096
# SUMMARY gds_reads=0 posix_reads=300
